artist_count,released_year,streams,in_spotify_playlists,in_spotify_charts,in_apple_playlists,in_apple_charts,in_deezer_playlists,bpm,danceability_%,valence_%,energy_%,acousticness_%,instrumentalness_%,liveness_%,speechiness_%,key_encoded,mode_encoded
2,2023,141381703,553,147,43,263,45,125,80,89,83,31,0,8,4,3,0
1,2023,133716286,1474,48,48,126,58,92,71,61,74,7,0,10,4,4,0
1,2023,140003974,1397,113,94,207,91,138,51,32,53,17,0,31,6,8,0
1,2019,800840817,7858,100,116,207,125,170,55,58,72,11,0,11,15,1,0
1,2023,303236322,3133,50,84,133,87,144,65,23,80,14,63,11,6,1,1
2,2023,183706234,2186,91,67,213,88,141,92,66,58,19,0,8,24,4,0
2,2023,725980112,3090,50,34,222,43,148,67,83,76,48,0,8,3,8,1
1,2023,58149378,714,43,25,89,30,100,67,26,71,37,0,11,4,8,0
1,2023,95217315,1096,83,60,210,48,130,85,22,62,12,0,28,9,4,1
2,2023,553634067,2953,44,49,110,66,170,81,56,48,21,0,8,33,5,1
2,2023,505671438,2876,40,41,205,54,83,57,56,72,23,0,27,5,9,1
1,2023,58255150,422,55,37,202,21,150,78,52,82,18,0,15,7,8,1
1,2023,1316855716,12211,115,300,215,745,118,71,65,68,6,0,3,7,0,0
1,2023,387570742,3528,98,80,156,182,130,51,32,43,83,0,9,3,5,1
1,2022,2513188493,23575,130,403,198,863,174,52,66,73,34,0,31,6,9,1
1,2022,1163093654,8109,77,183,162,161,89,64,43,73,5,17,16,4,11,0
1,2023,496795686,2942,77,91,212,78,120,78,76,59,43,0,34,3,3,1
1,2023,30546883,873,104,80,227,95,78,44,14,9,96,0,10,3,0,0
2,2023,335222234,2610,40,43,100,54,100,86,67,66,14,0,12,16,3,0
1,2023,363369738,596,68,8,104,23,120,63,36,73,0,0,36,4,10,0
3,2023,86444842,332,26,11,163,10,140,65,87,74,22,0,42,4,8,1
1,2023,52135248,516,38,73,119,42,123,69,82,76,6,0,6,3,9,0
1,2013,1297026226,12859,110,24,98,582,135,48,44,42,12,2,11,3,0,1
2,2023,200647221,1313,40,17,152,32,133,85,81,67,26,0,12,5,8,1
3,2023,115364561,1945,87,74,182,87,99,85,83,68,7,0,36,20,4,0
1,2023,78300654,250,26,16,149,10,130,79,96,86,9,0,9,9,10,1
2,2022,899183384,7112,77,202,119,318,107,80,82,80,43,0,14,4,3,0
2,2023,61245289,859,40,35,109,41,122,81,74,71,14,0,56,4,9,1
1,2023,429829812,2420,19,52,107,15,204,52,52,68,46,0,15,4,9,0
1,2023,127408954,2988,101,0,0,143,110,67,78,85,2,0,33,5,3,1
1,2023,22581161,864,78,71,135,50,126,74,35,84,0,0,11,6,8,1
2,2023,52294266,266,34,20,185,13,168,56,63,87,39,0,11,5,9,0
3,2022,843957510,6036,88,113,149,245,98,71,17,61,36,0,8,5,4,1
1,2022,999748277,9082,56,242,142,165,97,64,51,63,12,0,19,5,7,0
2,2023,618990393,4284,49,115,123,184,180,72,61,63,67,0,9,28,7,1
8,2023,123122413,1150,31,22,33,34,120,81,63,68,11,0,11,4,0,0
2,2023,188933502,672,34,19,108,24,150,61,39,73,37,0,11,3,9,0
1,2014,1355959075,11434,53,154,123,410,96,75,57,68,9,0,13,6,8,0
1,2014,786181836,7830,42,94,111,151,95,60,48,79,0,0,12,4,5,0
1,2023,176553476,584,28,16,159,15,125,79,96,85,27,0,11,6,8,1
2,2023,354495408,692,25,10,107,6,144,56,84,65,23,0,10,6,1,1
2,2018,2808096550,24094,78,372,117,843,90,76,91,50,54,0,7,5,5,0
2,2022,1109433169,12482,80,291,184,537,128,56,38,97,4,0,35,4,10,1
3,2017,1047101291,13387,64,77,58,247,79,56,58,56,37,0,11,10,9,0
3,2023,65156199,1117,80,82,145,65,144,77,75,58,52,0,23,25,0,0
1,2020,570515054,3372,19,65,48,138,122,67,49,64,10,0,10,3,8,0
1,2022,1085685420,8431,76,241,127,458,140,71,82,81,11,0,6,5,0,0
1,2016,1647990401,2483,59,68,21,24,134,59,51,52,9,0,15,7,4,1
2,2016,2565529693,29536,79,281,137,2445,186,68,49,59,16,0,13,28,10,0
2,2023,518745108,3408,47,87,86,74,67,53,50,53,23,0,44,7,4,1
3,2023,107753850,1298,38,44,64,57,106,72,17,64,7,0,10,5,2,1
3,2023,177740666,4277,66,145,111,213,128,60,23,91,0,0,12,3,10,0
1,2023,153372011,1133,39,14,71,23,107,92,55,70,18,0,15,7,9,1
1,2023,57876440,2259,59,0,0,109,130,67,96,88,12,19,8,4,10,1
1,2012,1813673666,18371,83,250,122,3394,123,45,13,54,70,0,9,4,7,1
1,2019,3703895074,43899,69,672,199,3421,171,50,38,80,0,0,9,7,4,0
1,2023,256483385,2649,42,67,79,57,137,64,88,72,51,0,17,5,10,1
1,2022,1214083358,6804,45,139,111,161,125,84,85,68,58,0,22,4,10,1
1,2023,16011326,525,41,34,115,39,128,86,42,72,59,0,9,19,0,1
1,2020,812019557,7923,29,106,112,142,130,61,53,58,55,0,27,4,0,1
2,2023,111947664,731,15,27,17,73,130,86,59,96,50,1,9,5,3,0
2,2023,156338624,5184,41,154,84,102,133,70,86,81,25,0,25,5,8,0
3,2022,720434240,3107,39,38,0,4,101,88,72,59,62,0,9,3,5,0
2,2023,357925728,4053,50,82,121,182,95,77,53,64,74,0,17,14,8,1
2,2022,674072710,4637,38,63,79,89,98,90,40,59,0,0,10,29,4,1
1,1999,1755214421,31358,43,196,2,4053,173,43,28,66,0,0,23,3,3,0
1,2022,404562836,3818,23,37,55,32,90,64,10,62,7,0,48,7,11,0
1,2022,373199958,3506,56,105,64,169,198,59,71,42,55,0,10,7,2,1
1,2023,14780425,410,36,36,32,31,140,56,48,73,0,0,35,4,4,0
1,2023,39578178,148,24,32,93,8,82,51,22,53,1,0,15,3,11,0
2,2023,54266102,1004,35,42,80,58,130,77,84,89,17,0,43,5,4,1
1,2020,2557975762,22543,63,386,144,707,81,76,53,53,44,0,9,9,3,0
1,2022,751134527,4511,36,70,58,109,94,51,14,59,65,18,25,3,4,1
1,2012,2282771485,16413,61,166,87,1056,124,61,41,81,5,2,10,3,2,0
2,2022,1356565093,8506,45,94,65,164,128,62,55,78,1,3,23,4,5,0
1,2008,1592909789,33898,62,233,0,4095,138,49,42,62,9,0,11,3,8,1
1,2022,635412045,3246,23,94,85,68,132,58,27,48,50,0,12,3,7,0
2,2022,1230675890,8576,42,216,108,331,131,71,24,47,1,0,27,9,5,0
2,2022,585695368,3618,38,47,74,80,168,78,58,73,5,0,10,7,9,1
1,2023,43857627,370,20,12,16,18,98,68,40,79,33,0,30,6,4,0
1,1975,2009094673,31123,55,300,65,1003,102,48,50,73,43,0,15,4,4,0
2,2022,600976848,2790,30,60,96,71,101,34,32,57,78,0,20,3,2,0
2,2023,39709092,267,9,9,6,25,130,63,36,34,76,0,35,9,8,0
1,2023,39228929,139,17,16,72,5,142,50,20,64,1,0,12,3,5,0
2,2021,2665343922,17050,36,492,99,798,170,59,48,76,4,0,10,5,4,0
2,2023,223633238,2114,44,80,75,110,124,78,70,68,3,1,11,4,11,1
1,2018,2887241814,17836,53,440,125,1800,110,50,45,41,75,0,11,3,4,0
2,2022,1440757818,8870,43,104,120,141,92,91,43,71,9,0,9,8,4,1
1,2015,165484133,6060,53,150,148,2703,116,82,40,66,39,51,25,7,5,0
2,2012,58054811,641,50,1,52,8,129,63,84,82,70,8,9,7,1,0
1,2023,157058870,1446,12,57,97,35,98,71,67,60,19,0,12,3,11,0
1,2023,95131998,804,25,29,76,24,172,74,76,76,6,0,10,9,4,1
2,2023,250305248,1962,38,28,89,29,150,68,14,76,4,0,10,4,5,0
1,2017,685032533,4875,23,19,45,0,136,62,19,53,11,0,6,4,1,1
1,2020,38411956,31,39,2,107,8,88,53,34,47,9,0,83,4,4,1
2,2023,144565150,2175,23,69,145,69,143,83,69,44,15,0,10,33,6,0
1,2023,127567540,2000,46,49,105,63,100,49,17,35,71,9,11,3,9,1
1,2022,399686758,2839,25,58,156,42,143,56,39,55,14,0,11,13,8,0
1,2011,983637508,20333,52,89,143,1632,112,56,24,66,7,0,12,3,4,1
1,2023,118482347,674,47,20,106,25,93,62,57,59,3,0,38,3,10,0
1,2012,882831184,8448,23,160,110,163,206,43,50,55,50,0,15,10,10,0
3,2022,286400165,2110,58,17,119,19,88,68,17,71,15,0,11,5,10,1
1,2023,172825906,2528,39,56,91,59,170,50,37,90,0,0,12,5,5,0
1,2004,1241559043,12985,61,49,98,2394,84,62,24,67,21,0,13,28,7,1
1,2023,29562220,77,35,8,166,4,134,81,53,72,51,0,12,5,7,1
1,2022,77309611,266,27,6,40,6,158,54,50,40,61,0,10,6,2,0
3,2017,1605224506,21097,52,384,135,1034,116,80,92,80,4,0,10,3,4,0
1,2017,1116995633,3423,21,41,100,59,117,61,45,69,2,0,9,3,4,0
1,2021,838079900,4198,44,98,108,327,114,77,65,72,2,0,7,5,8,1
1,2011,1163620694,14739,43,88,112,2163,108,61,47,68,0,0,13,3,5,1
2,2012,1093605526,26792,32,69,113,695,144,74,37,53,7,0,21,10,7,1
1,2022,179659294,213,6,7,6,0,130,51,18,44,76,0,11,3,8,0
2,2023,39058561,58,18,2,106,4,116,77,79,62,33,1,15,3,3,0
1,2023,36912123,99,15,21,52,6,121,65,49,78,0,0,17,4,10,0
1,1985,1205951614,41751,25,101,32,2655,112,64,54,81,36,0,11,6,10,0
1,2014,1791000570,21164,36,80,65,476,100,70,47,52,30,0,6,33,2,1
1,2023,201660859,2988,59,74,102,145,150,55,30,78,24,0,12,8,6,1
2,2023,248088961,893,38,19,23,24,120,84,96,71,18,0,34,17,8,1
3,2023,90839753,1094,34,40,58,47,127,82,89,85,4,0,23,6,3,1
1,2020,607123776,7324,22,25,81,61,90,51,42,61,53,0,9,3,8,0
2,2023,55842345,201,11,19,117,8,128,75,79,63,33,0,15,4,1,1
2,2023,211050784,5120,48,161,115,246,143,64,31,87,4,4,8,4,1,0
1,2022,342897938,2346,27,69,12,38,139,74,68,68,3,0,26,4,11,0
2,2022,2762,763,26,21,110,21,162,49,78,64,19,0,11,4,2,0
1,2021,330346424,457,24,8,116,4,92,81,39,60,31,0,7,3,0,0
1,2022,601863821,3430,38,45,69,52,95,87,57,55,10,0,29,7,8,0
3,2011,1953533826,6074,52,201,44,6551,146,63,88,93,3,0,10,8,5,0
1,2019,2322580122,21915,34,437,115,1212,95,55,56,82,12,0,34,5,0,0
2,2017,2355719893,15032,30,221,96,1078,115,35,12,30,93,0,10,3,7,1
2,2023,66902503,871,32,25,59,32,128,78,59,65,10,0,26,5,3,0
1,2023,96273746,451,33,10,126,7,130,82,69,83,3,0,27,5,7,1
1,2023,430977451,1783,27,26,124,15,127,80,74,77,36,0,11,4,1,1
1,2011,284819874,9389,46,24,122,282,150,42,20,86,21,0,9,9,5,0
2,2023,721975598,5724,44,119,108,254,122,78,50,63,27,0,9,5,5,1
1,2007,1217120710,13985,25,30,80,588,140,52,20,85,0,0,7,5,0,0
4,2023,109276132,1051,16,31,37,31,140,63,22,54,46,0,12,8,0,0
3,2022,276259178,1682,46,24,90,30,119,75,48,53,18,0,18,34,4,1
5,2023,54225632,182,8,3,88,1,110,76,96,72,32,0,9,4,10,1
1,2017,2559529074,16596,13,7,0,2094,95,60,17,45,16,0,11,2,11,0
1,2022,681583126,2335,23,82,55,50,132,56,20,55,45,1,32,3,9,0
1,2017,2594040133,18986,23,250,121,2969,125,77,74,78,4,0,23,11,2,1
4,2023,81102253,283,7,6,9,26,124,84,65,50,67,0,13,6,6,1
2,2023,11956641,293,8,5,2,30,133,93,68,65,42,0,12,25,3,1
1,2002,1687664027,21081,43,98,76,3889,112,92,67,66,0,0,36,9,10,0
3,2023,11599388,437,31,17,29,26,97,79,92,89,5,0,6,5,0,0
2,2016,611700552,1275,32,13,8,5,90,59,52,48,38,5,10,11,8,1
2,2022,1133865788,6135,38,71,113,99,80,65,27,69,8,0,53,4,6,1
1,2004,1089402494,20015,16,107,69,5239,172,45,33,59,6,0,8,3,1,0
1,2019,411747614,1507,14,24,71,44,120,60,24,35,73,0,31,3,7,0
1,2023,255932395,539,21,7,71,4,140,74,96,80,18,0,5,5,10,1
1,2023,31873544,86,8,7,76,3,128,81,90,77,1,0,9,5,1,1
1,2023,95053634,324,14,13,110,8,122,78,70,81,57,0,10,5,0,0
2,2010,1279434863,17138,37,119,81,974,130,47,86,92,8,0,5,24,0,0
2,2023,233801632,894,9,14,88,66,160,69,61,71,33,0,31,20,1,0
1,2012,1481349984,1622,9,0,0,356,144,73,87,70,6,0,28,5,8,0
3,2023,142095275,561,14,4,14,12,192,50,85,52,11,0,28,6,3,0
2,2022,618885532,5871,27,81,121,58,163,54,40,67,0,0,9,17,0,0
1,2013,2011464183,29215,43,179,97,3394,122,66,48,71,6,0,12,4,4,1
1,2021,1167330737,5866,24,107,38,95,154,61,41,74,21,0,40,6,5,0
1,2019,929964809,3859,26,133,181,3,117,73,31,69,6,0,11,4,1,1
2,2023,436027885,961,26,19,143,10,138,78,89,83,10,0,12,5,10,1
1,2004,657723613,6457,18,98,95,453,96,86,74,80,33,0,8,6,0,0
3,2016,2713922350,43257,24,433,107,3631,104,77,36,63,1,0,36,5,4,0
1,2010,621660989,4564,16,24,101,113,164,45,24,62,8,0,16,3,11,0
1,2020,1591223784,12688,13,197,115,112,118,68,61,82,2,0,50,3,0,0
1,2010,950906471,13801,19,137,125,435,81,68,51,60,3,0,19,10,3,1
1,1983,1593270737,22439,19,211,74,929,117,82,73,45,54,0,7,3,4,0
1,2015,1410088830,18515,35,70,82,939,174,45,10,37,97,25,64,4,5,0
2,2011,1235005533,36843,21,321,91,4607,128,73,60,77,3,0,11,4,4,0
1,2012,1661187319,2420,11,0,0,806,145,60,43,27,94,0,14,4,0,0
1,2018,1374581173,5897,19,0,0,885,150,65,51,55,73,0,14,3,4,1
3,2023,94186466,727,16,17,60,28,90,60,13,53,4,0,21,4,1,1
1,2013,1788326445,33783,26,133,92,2733,85,55,42,53,17,0,22,3,8,0
1,2012,1840364617,26694,13,65,82,3425,180,33,38,71,20,0,28,5,6,0
1,2023,143573775,356,16,35,102,8,166,57,84,94,11,0,37,9,4,0
1,2016,684675814,6518,17,45,85,238,160,71,40,50,16,0,16,22,11,0
1,2014,1113838873,21335,13,328,70,1378,160,65,95,80,5,0,41,16,10,0
1,2013,1267333350,23389,29,54,70,1089,92,70,81,63,4,0,8,4,5,0
1,2022,726307468,3202,18,148,80,226,170,56,53,64,11,0,45,6,0,0
1,2017,3562543890,32181,10,33,0,6808,96,83,93,65,58,0,9,8,4,1
1,2014,1131090940,7124,18,60,20,2,120,67,40,52,86,0,12,4,11,0
2,2023,307370144,592,14,11,84,6,98,70,37,54,6,0,9,8,0,0
1,1992,1271293243,36724,7,146,72,6807,92,53,12,34,1,0,12,4,10,0
1,2019,265882712,794,10,38,25,61,150,34,24,56,4,0,11,3,1,0
1,2017,841749534,13091,17,61,96,790,94,37,17,47,2,46,11,3,8,0
1,2023,47956378,67,8,7,10,0,90,74,36,63,26,0,27,5,7,1
1,2016,806397070,21574,30,112,68,266,160,54,54,55,67,0,42,11,1,0
1,2019,2132335812,19664,16,391,73,633,120,70,59,75,24,0,9,4,0,0
1,2010,1641426668,21106,13,82,0,2946,109,63,46,85,1,0,9,5,8,0
1,2013,2135158446,23804,31,187,99,4623,129,57,41,66,63,0,12,5,7,1
2,2022,367316268,849,22,27,129,21,157,54,75,60,30,0,7,5,10,0
1,2021,350381515,2619,12,47,90,1,130,63,49,73,5,0,9,3,9,0
1,2022,1264310836,9037,42,124,133,139,107,65,19,72,10,0,13,25,8,1
1,2023,30343206,86,11,3,33,3,146,50,67,89,0,0,19,8,3,1
1,2020,405136812,1788,14,1,50,19,139,48,37,41,32,0,10,10,1,1
1,1968,1145727611,15890,14,71,37,653,116,74,76,70,7,0,13,3,0,0
1,2010,540654286,492,36,4,3,19,95,84,52,77,12,0,7,4,9,1
4,2023,57312735,773,33,20,46,21,170,62,55,80,15,0,37,7,11,1
1,2022,397582059,1154,22,28,125,11,134,81,18,64,3,0,10,11,9,1
1,1984,1479115056,44927,17,34,0,5108,84,57,86,90,2,0,9,5,9,1
4,2023,86773632,551,4,13,46,20,146,61,20,48,21,0,12,6,3,1
5,2023,133753727,577,14,22,18,15,74,53,24,67,11,0,10,28,2,1
1,2023,123124076,955,29,37,50,79,144,75,35,48,84,0,10,12,3,0
3,2022,463564958,995,19,12,117,9,136,77,79,73,15,0,27,10,3,1
3,2023,64533040,178,6,6,71,1,100,56,53,55,53,0,12,4,7,0
1,2023,65496046,290,19,9,101,5,105,89,67,78,9,0,7,33,8,1
1,2023,68616963,547,0,15,15,6,106,67,24,78,15,0,30,4,8,0
2,2023,161460990,681,10,15,92,21,132,85,53,68,40,0,9,4,5,0
2,2023,70106975,332,5,18,41,5,120,78,5,30,21,0,13,5,1,0
2,2023,113509496,1197,13,44,34,25,155,82,51,39,2,0,9,49,4,0
2,2023,89933133,262,5,8,60,4,129,70,42,43,78,0,11,3,11,0
2,2022,71007139,161,6,10,79,2,135,80,85,74,62,0,8,9,8,1
2,2023,43522589,185,3,5,6,4,98,73,45,62,28,0,13,13,2,1
1,2023,232896922,839,18,20,110,20,124,84,64,39,3,0,11,4,1,1
3,2023,37126685,259,0,5,17,5,135,77,28,55,18,0,22,15,1,1
1,2023,195576623,2915,30,116,69,107,107,78,39,53,30,0,11,6,5,0
2,2022,532336353,5129,25,116,84,114,96,54,25,74,14,0,9,11,5,0
2,2022,538115192,3794,34,47,77,53,123,71,58,70,30,0,32,19,11,0
2,2023,46142772,588,0,23,21,31,90,62,7,62,6,0,58,6,11,0
3,2022,401036314,2959,16,41,69,38,117,72,45,59,14,0,20,21,8,1
2,2023,127026613,291,8,8,78,4,133,78,90,84,31,0,7,4,1,1
1,2022,345031710,2321,36,29,65,34,96,74,61,83,11,0,35,6,11,1
2,2022,288101651,536,10,10,72,8,149,66,85,60,40,0,14,13,11,0
2,2023,60350538,359,2,1,0,9,110,66,32,40,81,0,11,3,9,1
1,2022,335074782,4096,6,118,48,143,105,95,62,52,3,0,5,16,9,0
1,2023,76767396,349,69,8,96,5,105,80,69,78,28,0,11,14,4,0
2,2023,46065667,381,5,23,82,6,134,76,61,58,6,0,16,3,3,0
1,2022,459276435,2461,36,47,66,45,170,71,59,56,4,0,27,12,7,1
2,2023,39666245,277,1,1,20,5,81,59,26,60,46,1,25,13,9,0
2,2023,138517666,967,5,7,29,51,154,63,75,92,31,0,91,5,9,0
1,2022,822633917,8186,12,155,72,131,169,69,69,51,63,0,38,4,4,0
1,2022,595900742,7842,10,215,88,330,115,78,64,69,4,0,7,14,10,0
2,2023,51985779,215,6,6,14,8,84,43,14,74,1,0,19,8,1,1
2,2023,57945987,1134,22,39,14,48,93,79,58,62,11,0,11,23,11,0
2,2023,115010040,1305,34,29,26,43,91,82,47,62,10,0,10,15,10,0
1,2023,175097833,2066,6,58,70,43,142,82,54,44,6,0,33,7,2,1
2,2023,57089066,896,0,34,2,33,126,78,20,70,1,0,16,4,4,0
1,2022,488386797,3763,8,51,43,38,97,73,10,44,26,0,16,8,2,0
5,2023,32761689,197,0,3,10,3,101,92,59,51,41,51,26,8,8,0
1,2022,1047480053,4004,33,34,65,43,98,80,23,48,14,0,6,5,10,1
1,2023,153454328,984,5,8,57,76,154,59,63,89,18,0,80,9,9,0
1,2023,217672943,1240,24,51,29,63,120,91,63,58,52,0,31,22,1,0
1,2022,457184829,3995,13,72,27,47,150,49,4,55,7,0,6,3,3,0
1,2016,939844851,7681,13,119,66,1145,174,47,27,78,11,0,10,8,1,0
1,2021,726434358,4427,4,69,100,154,202,34,25,51,69,0,18,4,2,0
2,2022,573633020,4657,18,84,84,42,153,56,42,52,5,0,36,24,3,1
1,2021,1406111294,10195,20,258,87,657,142,60,13,37,58,0,13,3,8,0
2,2023,71573339,269,4,7,2,30,108,84,55,47,26,0,20,64,1,1
2,2023,24975653,214,0,3,3,6,143,83,25,69,4,0,23,12,3,0
1,2023,145458418,845,2,12,57,47,108,67,55,67,60,0,80,5,5,0
1,2000,1424589568,20763,27,81,53,3271,104,95,78,66,3,0,4,6,8,1
3,2022,231332117,1267,20,41,22,56,93,84,96,79,43,0,18,11,9,1
1,2021,415932686,2585,32,3,79,21,105,65,46,53,16,0,9,5,9,1
1,2022,988515741,6330,6,109,42,158,170,44,27,32,89,0,14,5,11,0
3,2023,50847624,675,1,9,13,11,178,62,56,66,18,0,12,5,4,1
1,2023,39893489,715,0,37,3,27,176,50,44,76,10,0,32,5,9,1
2,2023,92035115,327,13,14,110,9,104,80,38,88,11,0,11,5,7,1
1,2023,118810253,244,12,6,84,10,85,70,83,84,31,0,47,30,10,0
2,2023,77233241,385,4,17,7,41,117,77,69,58,39,0,26,5,9,1
1,2023,206399629,1020,35,15,26,30,80,52,57,48,86,0,15,39,0,0
1,2023,117747907,1730,3,46,5,51,98,44,36,41,50,0,38,5,8,0
2,2023,266624541,2127,33,45,80,53,178,79,58,78,34,0,11,25,4,1
1,2022,293186992,3242,9,67,55,48,148,51,27,33,48,0,22,3,1,0
1,2023,139681964,526,10,15,93,30,120,77,94,66,65,0,38,3,5,0
1,2023,123132751,366,15,16,102,7,122,68,38,88,1,0,8,5,7,1
1,1997,103762518,472,2,0,0,6,144,74,75,73,42,0,9,4,8,0
2,2023,162887075,432,12,8,14,12,96,93,47,47,33,0,10,36,5,0
1,2023,91221625,271,12,16,103,9,137,77,35,88,16,0,17,9,11,0
1,2022,190490915,816,4,21,4,13,121,94,71,61,12,0,53,42,9,1
2,2023,96180277,1169,0,36,65,28,119,60,10,57,1,0,50,3,1,1
1,2019,185240616,1282,6,26,6,19,96,72,40,47,71,0,13,4,5,0
1,2022,885093467,6587,34,114,104,147,111,87,53,52,66,1,11,5,4,0
2,2023,104992946,1444,4,0,0,0,148,90,74,68,14,0,10,19,1,0
2,2023,147290338,356,10,4,64,4,182,57,80,59,8,0,6,5,1,0
1,2021,1302184087,10147,30,234,71,543,141,79,82,86,28,0,4,9,5,0
2,2022,158950978,265,6,8,84,5,145,76,80,81,19,0,6,9,7,1
2,2023,76910644,351,9,16,90,10,110,76,26,70,1,0,41,6,3,1
1,2022,137123880,158,4,5,6,1,134,70,35,41,41,0,10,3,10,0
1,2022,782369383,7613,33,180,90,422,130,92,78,62,18,0,6,10,10,0
1,2022,502574952,3956,6,142,23,127,145,84,88,53,35,0,8,7,2,0
3,2023,207033255,1638,10,0,0,21,130,69,36,90,1,10,15,4,3,1
1,2022,404887295,924,18,17,80,22,173,59,69,53,12,0,23,3,0,0
1,2022,381161027,1985,35,34,26,37,92,75,55,76,25,0,10,15,3,1
1,2014,466231982,6339,13,3,1,36,105,56,57,87,0,1,10,4,8,1
1,2021,357580552,1561,24,18,78,24,175,59,15,64,43,90,12,10,10,1
2,2023,61105704,875,4,17,13,27,120,80,33,70,22,0,9,4,10,1
2,2022,198275403,406,5,3,31,2,139,70,77,48,37,0,12,5,6,1
1,2023,168448603,340,13,4,71,16,132,59,56,82,12,0,12,6,0,1
2,2018,705469769,4188,15,30,70,142,114,32,17,74,14,0,17,3,2,0
2,2023,34502215,105,0,5,9,5,145,54,19,48,36,0,37,5,3,1
1,2022,482175240,1524,17,53,120,62,110,82,67,69,0,0,18,4,0,0
2,2022,304118600,2651,30,21,55,32,94,89,61,66,17,0,36,16,11,0
1,2018,1449799467,11087,6,151,107,801,134,45,17,60,21,0,33,4,4,0
1,2023,173627354,373,19,4,72,5,120,62,32,76,0,0,39,4,10,0
2,2023,90025258,200,4,8,77,2,123,70,86,68,24,0,11,4,10,1
2,2021,652704649,3741,17,156,35,110,131,77,84,71,35,0,15,4,2,0
1,2002,1829992958,32502,21,247,54,5567,171,70,6,73,1,0,36,26,5,0
2,2002,655466831,7615,14,18,51,1005,130,80,64,76,2,0,20,6,7,1
3,2023,146409671,1208,34,10,41,20,94,82,53,67,34,0,9,8,3,0
2,2023,95816024,209,4,4,45,11,89,73,44,57,39,0,32,6,10,1
1,2023,117206995,1235,9,20,8,15,87,65,71,56,4,0,15,20,8,1
2,2023,100409613,654,3,11,3,18,124,72,79,78,55,0,15,30,3,1
2,2023,80758350,1479,0,23,0,18,78,71,80,65,51,0,22,32,11,0
2,2022,325592432,4942,26,190,104,147,120,70,70,79,7,0,18,10,11,0
2,2023,58473276,709,0,8,1,13,96,48,50,80,40,0,37,20,9,1
1,2023,52722996,660,0,22,7,11,106,73,22,86,31,0,12,4,10,0
1,2021,191945597,489,17,4,11,5,170,78,75,46,62,0,12,35,5,1
2,2023,77377503,407,0,16,15,5,134,67,11,76,8,47,30,7,3,1
1,2022,743693613,7461,8,166,42,199,115,71,90,73,30,0,11,5,2,0
1,2022,267789608,993,4,30,84,88,130,74,79,87,45,0,30,3,9,0
2,2020,1221813483,9161,5,240,98,468,118,65,63,79,3,0,10,3,0,0
1,2022,449701773,3282,12,67,84,46,110,59,22,38,42,0,12,3,10,0
1,2023,67070410,596,0,29,9,12,100,72,42,66,18,4,19,4,1,0
2,2023,116334601,320,6,5,48,2,142,70,76,79,26,0,11,7,10,1
1,2022,433356509,2612,4,19,29,21,140,64,18,37,72,0,12,7,0,0
1,2023,165584767,2040,4,81,27,66,116,90,96,73,62,0,9,4,10,0
1,2022,367814306,2128,9,37,88,9,120,73,64,85,25,0,61,3,1,0
2,2022,477033549,2598,37,28,57,43,92,76,46,79,31,0,7,6,8,1
1,2022,156214700,542,2,23,2,21,110,81,64,79,5,0,31,3,11,1
1,2022,448843705,2459,20,20,68,50,120,71,57,97,1,0,13,11,2,0
2,1995,1357608774,10624,17,21,0,386,80,63,40,61,9,0,56,6,11,0
2,2022,294352144,2418,26,52,66,55,115,95,43,69,47,0,9,31,8,1
1,2014,972164968,7536,7,44,19,135,76,58,46,67,65,0,13,4,2,0
1,2017,920045682,10431,7,71,53,181,172,60,77,78,45,0,12,6,9,0
1,2016,2420461338,15722,16,231,37,1509,99,40,45,56,69,0,9,5,2,0
1,2015,1947371785,25744,4,122,94,1992,136,36,12,57,9,0,14,8,0,1
1,2019,244658767,1640,0,27,27,29,150,90,64,14,67,35,11,10,11,1
1,2023,68216992,34,0,0,0,0,92,71,41,31,79,0,10,5,2,1
5,2022,223582566,1845,16,20,8,30,95,77,72,87,17,0,7,5,4,0
3,2022,471819764,3301,30,72,64,64,102,83,58,83,21,0,10,5,3,1
1,2022,272377463,1911,0,23,71,14,145,70,34,55,43,0,16,6,0,1
1,2003,1361425037,20111,5,39,0,7341,110,50,24,86,0,0,64,4,1,0
2,2023,149778242,1529,0,32,18,39,95,64,30,77,46,0,38,6,0,0
2,2023,116599790,615,2,22,82,8,94,68,81,82,53,0,9,13,3,1
1,2022,148469433,811,4,11,58,5,142,61,92,91,0,0,26,3,10,0
2,2022,497225336,5730,10,108,16,197,145,59,20,74,1,0,15,5,9,1
1,2023,88791109,356,4,4,20,0,121,64,67,80,0,0,36,3,9,1
1,2023,125917280,604,6,22,101,0,140,66,43,76,49,0,12,3,6,1
3,2023,105062254,1190,0,29,3,18,137,84,44,67,8,0,11,6,4,1
1,2023,95623148,579,0,11,54,0,104,56,72,85,0,0,15,3,11,0
1,2023,144584800,1553,2,61,6,48,92,57,68,76,7,0,33,3,8,0
1,2022,298063749,2301,20,49,23,110,146,74,51,45,86,0,21,38,5,1
1,2023,166570053,134,4,4,6,0,120,56,20,43,89,0,12,4,5,0
1,2023,83021468,430,0,15,17,0,144,68,83,81,9,0,8,4,5,0
2,2022,139836056,86,0,11,101,0,94,59,44,56,80,0,6,3,1,0
1,2022,303216294,629,14,32,3,9,94,73,65,79,5,2,11,6,11,0
2,2022,221409663,1701,15,30,15,34,113,79,66,74,8,0,11,5,10,1
2,2023,58890931,329,0,14,35,1,148,50,49,76,12,0,12,3,7,0
1,2023,81419389,1168,0,45,11,20,98,70,29,73,12,0,11,26,4,0
1,2022,156777415,162,6,1,10,1,140,58,26,38,91,0,10,4,3,0
1,2022,284908316,2536,6,59,100,58,100,36,28,28,81,0,18,3,10,0
2,2023,93438910,387,11,11,15,14,140,86,68,79,39,0,11,29,9,0
1,2022,363472647,892,17,20,119,12,100,59,78,94,27,0,29,23,7,1
1,2011,372476382,3909,0,66,26,277,100,59,49,65,2,0,13,3,1,1
2,2022,380726517,3645,15,118,34,150,132,87,82,70,42,0,21,5,0,1
1,2023,56533272,282,0,6,15,0,142,49,48,67,10,0,26,3,5,0
1,2023,175399345,888,22,11,24,7,176,72,96,63,25,0,21,7,7,1
1,2022,203221468,968,4,16,53,1,140,53,51,70,49,0,14,3,9,0
1,2000,1624165576,25065,6,63,0,6808,105,55,40,90,1,0,32,6,6,1
1,2022,134294498,531,4,20,1,71,135,81,97,77,75,0,35,3,8,0
1,2022,70069745,242,0,12,2,13,128,82,61,59,30,0,12,4,7,1
2,2022,609293408,5281,14,94,21,80,101,74,43,69,12,0,12,7,8,0
1,2022,671365962,2590,30,20,64,35,122,88,43,50,7,0,14,5,2,0
1,2022,362361576,1769,34,16,19,21,105,76,49,56,80,12,10,13,0,1
2,2022,93587665,454,4,6,1,21,83,53,40,36,73,0,11,33,4,0
4,2021,1223481149,6180,7,122,88,580,77,72,59,76,24,0,42,28,3,1
1,2017,1022258230,3600,11,7,0,203,140,75,18,25,78,0,11,26,3,1
2,2022,263453310,1254,6,26,69,73,158,65,72,95,31,0,92,5,4,0
2,2019,1435127549,6398,31,177,109,305,176,75,43,65,15,0,11,32,10,0
2,2022,236857112,660,15,19,59,18,98,73,88,57,56,0,5,2,3,0
1,2023,147538971,1283,0,57,4,48,107,66,47,40,72,0,11,3,3,1
1,2020,698086140,8084,6,45,115,218,109,66,16,57,10,1,12,3,8,1
1,2022,723894473,2332,2,0,0,25,109,84,72,74,10,0,34,7,2,1
1,2023,34450974,203,0,5,9,0,148,53,61,81,5,0,36,4,0,0
1,2020,403097450,685,14,24,94,9,158,60,52,76,17,0,19,5,9,1
2,2022,309483971,2460,13,53,7,56,94,74,64,73,6,0,10,6,8,1
1,2022,319566866,288,6,11,80,1,96,70,40,51,35,0,10,4,9,1
1,2022,909001996,4572,33,74,113,85,100,80,29,67,29,0,12,3,8,1
2,2021,1061966512,6127,13,0,0,0,105,58,42,68,1,0,14,4,1,0
1,2023,32526947,166,0,2,10,0,125,53,32,66,38,0,9,3,0,0
1,2023,124988687,1838,0,105,41,114,170,56,56,63,13,0,19,27,9,1
3,2023,103787664,1890,0,86,1,49,115,70,84,90,17,0,41,6,0,0
1,2023,134255790,2098,16,88,24,101,122,64,25,89,0,0,15,9,11,0
1,2022,301051721,761,12,23,95,11,105,88,82,80,8,0,11,8,2,1
1,2022,156338624,1225,0,27,0,28,133,66,74,84,25,0,21,4,8,0
2,2023,152850295,415,2,15,40,21,100,79,60,68,7,0,26,4,0,0
1,2022,309653982,3469,0,71,95,31,120,82,55,45,15,3,9,10,6,1
1,2022,297328960,3311,0,129,31,212,177,25,17,30,90,0,13,3,1,0
1,2022,332506354,2616,0,113,17,208,142,64,31,72,15,0,9,5,5,1
1,2016,480507035,3006,16,47,60,87,144,57,47,84,1,1,52,4,7,1
2,2019,1065580332,4260,0,113,92,259,120,65,80,86,9,0,19,10,3,1
1,2016,122763672,482,0,9,1,12,135,92,73,51,55,0,15,6,5,0
1,2022,445763624,4013,10,107,44,750,107,81,82,78,38,0,12,4,3,0
6,2022,1365184,138,4,13,78,2,105,82,62,74,10,0,33,7,10,0
2,2022,184308753,1368,0,12,1,11,108,44,38,77,9,0,9,20,9,1
1,2015,789753877,17852,4,69,76,335,147,51,62,79,22,13,14,3,0,1
3,2022,323358833,889,20,11,78,35,115,71,34,88,16,0,44,4,0,0
2,2022,606361689,4796,9,124,66,212,174,70,57,64,23,0,8,32,8,0
3,2023,120972253,658,6,33,7,53,90,68,83,71,3,0,31,8,2,1
1,2022,338564981,3009,2,68,89,65,141,41,9,25,84,1,14,4,7,1
1,2014,1606986953,17492,3,136,24,1959,82,68,50,49,56,0,8,4,8,0
1,2020,1301799902,6170,7,82,1,231,92,47,25,43,62,0,32,3,8,0
6,2022,140187018,130,4,21,79,2,116,77,65,80,6,0,15,4,11,1
2,2017,1897517891,27705,10,537,122,2726,124,79,59,86,4,0,8,11,1,1
1,2023,107642809,359,0,12,56,13,125,71,83,89,1,0,17,9,2,1
1,2022,551305895,1963,16,57,119,77,90,80,71,69,2,0,27,10,0,0
3,2022,556585270,5491,14,128,84,75,83,46,34,64,31,0,7,34,4,0
1,2019,2303033973,27119,0,532,77,1535,124,79,68,79,1,0,10,8,3,1
1,2014,646886885,1776,14,1,9,3,140,58,4,60,7,41,8,3,11,0
2,2022,222612678,1473,4,27,64,66,154,64,61,91,15,0,72,4,0,0
2,2021,1814349763,13315,0,300,47,690,150,74,89,70,2,0,5,6,6,1
1,2020,872137015,4057,8,78,21,240,186,41,9,61,2,0,12,5,7,1
1,2015,571386359,3045,6,43,53,134,166,40,23,48,5,0,12,3,11,1
2,2022,304079786,3006,12,54,32,66,107,87,20,83,0,4,31,9,0,0
3,2022,174006928,852,0,14,1,50,87,87,52,52,31,0,28,24,10,0
1,2022,284785823,2163,15,72,97,58,82,40,39,64,21,0,7,7,11,0
1,2022,163284000,1484,0,22,51,12,114,46,60,28,91,0,21,4,1,1
1,2022,246390068,1703,0,38,45,36,148,47,15,52,38,13,29,5,11,0
1,2022,482257456,4169,44,57,44,183,140,91,97,57,38,0,40,29,9,0
1,2022,168684524,1054,0,9,0,15,101,90,76,81,15,24,33,6,10,0
3,2022,78489819,2849,0,39,45,27,140,81,6,84,5,23,6,6,4,1
3,2022,195516622,1602,0,12,22,12,88,49,24,66,19,0,18,29,10,1
1,2021,1260594497,9644,28,120,86,164,180,64,44,65,28,0,14,12,4,0
1,2022,428685680,4827,0,104,17,76,133,95,91,89,6,0,31,24,5,0
1,1985,1024858327,21811,0,117,1,676,108,63,20,55,72,0,6,6,2,1
1,1973,838586769,168,0,0,0,5,80,39,24,43,39,0,23,3,8,1
1,2022,199386237,688,0,14,1,17,75,80,46,62,3,6,11,46,3,1
2,2021,972509632,10565,44,238,122,557,121,67,26,64,52,0,17,10,9,1
2,2022,213438580,1612,0,34,54,34,140,58,17,62,18,0,20,8,5,1
1,2020,1555511105,12755,8,344,97,945,126,81,59,90,5,0,36,3,3,1
1,2022,210038833,574,4,38,101,26,102,58,29,94,0,0,9,11,4,0
1,2022,227918678,2499,0,70,0,49,82,70,31,34,60,1,11,4,1,0
1,2020,826623384,10426,2,133,109,182,121,46,53,78,23,0,72,6,4,1
2,2020,1802514301,15894,8,198,13,544,103,70,92,83,1,0,7,6,9,1
1,2021,1329090101,9424,0,202,50,463,108,82,88,76,9,0,12,9,8,1
1,2022,181831132,713,7,2,4,6,85,65,36,47,31,0,12,10,8,1
2,2022,462791599,7758,28,173,79,175,125,84,70,69,1,0,5,5,4,1
1,2022,348647203,2537,2,8,18,20,120,69,40,39,41,0,13,6,5,0
3,2022,366599607,292,6,26,98,4,94,58,44,57,57,0,10,3,0,0
3,1930,90598517,323,0,4,0,14,130,65,49,80,22,4,7,5,9,1
2,2012,1479264469,14143,4,56,38,1891,110,74,51,74,2,0,29,4,7,0
1,1994,1449779435,25653,0,387,132,2094,150,34,33,63,16,0,7,4,10,0
1,1984,1159176109,22153,0,274,111,1302,107,74,88,65,28,0,46,3,3,1
1,1958,769213520,14994,0,191,168,206,140,70,85,41,71,0,45,5,11,0
1,1957,741301563,10326,0,165,99,104,119,74,78,37,84,0,6,3,5,0
1,2011,807561936,12353,0,35,0,549,93,35,38,23,91,0,29,3,7,0
1,2013,834129063,9408,0,231,106,439,133,46,53,63,5,0,30,18,10,0
1,1963,663832097,8879,0,182,107,160,202,24,76,60,77,0,12,4,10,0
1,1959,446390129,6512,0,88,1,277,134,45,72,24,91,0,18,4,4,0
1,2017,690104769,5140,0,85,110,500,105,72,33,51,48,0,9,3,4,0
1,2013,485285717,6596,0,144,99,251,160,51,69,81,0,0,21,5,11,0
1,1970,520034544,3788,0,21,3,10,148,50,96,82,47,0,34,4,5,0
1,2011,476244795,7655,0,5,0,291,151,65,70,47,87,0,9,4,10,0
1,2011,629173063,9577,0,195,111,310,162,67,88,54,51,0,9,4,9,1
1,1963,404664135,10114,0,114,74,262,92,53,84,77,40,0,32,3,5,0
1,2022,98709329,1007,0,5,31,1,152,65,35,65,44,18,21,7,4,0
1,2022,110849052,1127,0,16,63,8,65,71,55,26,85,0,13,8,1,1
4,1971,460492795,10829,0,130,1,390,147,33,39,61,32,0,77,3,5,0
2,2022,94005786,1042,0,7,29,3,150,73,71,69,53,0,32,9,2,1
1,1952,395591396,7930,0,108,120,73,140,67,81,36,64,0,15,3,0,0
1,1946,389771964,11500,0,140,72,251,139,36,22,15,84,0,11,4,4,0
1,1979,403939487,1685,0,1,0,29,95,75,74,58,36,0,9,3,3,0
1,1984,481697415,14169,0,209,30,449,115,60,23,57,0,2,27,3,0,0
2,2022,110073250,1634,0,16,20,4,125,62,59,43,84,3,11,5,9,0
1,2022,88092256,906,0,6,21,3,76,60,19,20,78,0,11,5,0,0
1,1984,351636786,1087,0,90,35,5,101,72,91,87,14,0,13,3,4,1
2,1950,473248298,10585,0,126,108,406,143,60,86,32,88,0,34,6,5,0
1,2022,73981293,827,0,6,18,1,119,51,51,66,67,0,9,23,10,1
2,2022,155653938,1420,4,13,87,17,78,67,22,59,76,1,15,16,1,0
3,1942,395591396,11940,0,73,79,123,96,23,19,25,91,0,40,3,1,0
1,1986,429504768,888,0,50,0,6,180,51,87,58,36,0,18,4,1,0
1,1963,242767149,9122,0,121,58,212,126,34,35,76,39,0,8,5,6,0
1,2022,65362788,892,0,3,17,2,150,43,42,44,57,0,15,6,8,0
1,2022,67540165,989,0,5,9,1,90,53,47,74,9,0,34,4,5,0
1,2022,62019074,819,0,14,22,0,160,72,78,68,28,0,11,12,8,0
2,2017,135723538,2209,0,72,90,141,114,59,60,94,24,0,10,4,0,0
3,1958,295998468,6290,0,89,39,158,113,73,72,32,77,0,15,5,10,0
1,2000,261116938,6952,0,115,53,286,147,67,69,72,17,0,19,3,0,0
2,2022,136689549,313,2,10,6,7,100,70,92,59,3,0,10,3,3,1
1,2022,135611421,353,2,2,74,14,155,49,42,77,3,0,12,9,11,0
1,2021,356709897,4094,0,66,96,43,107,54,41,39,51,0,11,16,10,1
2,2022,110649992,880,0,3,7,10,112,80,15,54,9,0,38,5,11,0
1,2022,301869854,573,0,1,0,18,166,70,57,57,9,20,11,7,4,0
1,1959,127027715,3299,0,65,39,41,107,69,96,36,81,0,8,4,9,1
1,2022,57144458,811,0,6,11,3,81,47,33,68,24,0,22,38,11,0
1,2022,56870689,899,0,2,14,2,150,79,77,46,5,0,11,7,4,0
2,2022,323437194,2415,0,33,57,30,110,66,19,32,69,0,12,4,1,0
1,2022,317726339,2304,0,12,16,14,108,64,4,40,6,0,10,6,10,0
4,2022,116144341,1003,0,21,0,44,130,89,48,74,30,0,7,36,7,1
1,2022,328207708,2699,0,39,35,22,164,70,39,56,6,0,9,7,10,0
2,2022,608228647,2482,20,27,77,22,114,80,42,68,2,0,66,4,3,1
2,2005,180577478,2577,0,108,56,30,93,63,93,88,1,0,12,4,8,0
2,2021,809306935,6821,34,83,58,128,90,87,51,69,36,0,9,8,4,1
1,2022,49262961,714,0,0,9,2,128,45,35,68,78,0,39,8,3,0
2,2022,614555082,3185,4,38,64,37,97,83,47,80,2,0,24,9,1,0
1,1958,245350949,8612,0,120,30,52,152,69,94,71,79,0,7,8,10,1
1,1957,178660459,4326,0,32,3,65,175,51,94,34,73,0,10,5,11,0
1,2022,51641685,680,0,2,15,1,116,61,48,55,67,0,16,8,5,0
2,2022,78139948,398,0,2,2,6,80,33,51,59,76,0,44,6,8,1
2,2022,322336177,3328,13,39,50,57,93,63,34,86,26,0,21,39,3,1
1,2021,1007612429,7215,0,170,12,575,122,70,42,54,30,0,37,5,7,0
1,2022,326792833,4440,0,81,77,133,122,70,91,79,3,0,7,10,10,0
1,2022,391251368,2881,6,13,89,34,135,70,60,58,4,0,16,3,1,1
3,2022,349585590,2235,0,65,7,70,109,60,45,47,62,0,31,5,8,0
1,2022,339659802,3711,0,49,88,62,93,65,82,74,27,0,32,5,0,1
2,2021,674772936,12403,0,183,63,465,125,85,64,81,2,5,7,9,3,1
7,2021,432719968,2785,0,95,89,44,206,58,83,45,36,0,11,8,0,1
1,2021,1309887447,14114,17,252,109,965,130,76,44,77,1,0,13,3,10,0
1,2022,119238316,1915,0,7,47,15,121,80,62,51,2,0,9,8,10,1
1,2022,116903579,2297,0,11,29,14,123,74,35,73,0,0,21,5,9,1
1,2017,888046992,4375,0,24,0,396,122,67,50,67,15,0,30,4,3,1
1,2022,200660871,2800,0,18,77,61,143,53,50,79,0,0,8,3,0,0
1,2021,130655803,2597,0,17,80,38,121,70,35,77,1,0,26,4,2,1
1,2021,1887039593,15563,6,259,55,461,166,56,68,66,28,0,11,18,9,1
3,2022,88103848,1420,0,7,18,7,135,41,27,64,36,0,60,3,4,0
1,2022,101114984,1292,0,3,18,14,87,49,49,59,44,0,35,21,7,1
2,2021,1575467011,15867,0,382,65,497,111,77,74,66,30,0,13,3,11,0
2,2022,91656026,1178,0,9,10,9,110,75,85,84,10,0,31,19,5,0
1,2021,1042568408,6672,0,125,36,150,130,66,19,61,30,0,9,7,4,0
1,2020,1735441776,12329,0,275,19,738,179,61,76,51,30,0,38,15,11,1
1,2019,726837877,5669,2,74,0,262,93,74,53,73,61,0,13,4,8,1
1,2022,53933526,811,0,1,8,6,78,27,10,49,62,0,49,5,1,1
1,2021,267758538,1756,0,38,48,20,180,65,37,58,2,0,4,31,5,0
1,2022,74601456,1014,0,1,17,11,86,28,13,41,50,0,19,3,1,1
1,2021,920797189,7963,0,173,7,298,88,74,55,85,1,0,5,22,4,1
2,2021,539595276,4771,0,68,18,75,97,68,72,78,4,0,7,5,4,0
1,2017,1367810478,8559,0,183,64,964,134,71,59,80,13,0,36,5,3,1
2,2020,578207856,3221,2,67,13,139,116,75,36,76,12,0,10,10,5,0
3,2021,775542072,3423,26,61,65,53,170,64,14,70,9,0,9,8,7,1
1,2021,863625566,2566,13,44,109,131,140,83,40,55,16,0,14,23,4,1
2,2021,656013912,9151,6,240,107,268,118,75,46,76,3,0,9,4,10,1
1,2021,1056760045,8476,0,138,133,283,65,31,31,24,76,0,14,4,0,0
2,2021,611994237,7495,17,114,172,284,120,56,16,67,0,0,11,4,0,1
2,2021,1230855859,5257,6,85,43,134,176,29,12,33,68,0,12,5,6,0
1,2021,582981380,1795,0,34,23,118,180,59,69,61,84,0,46,36,11,1
1,2021,1858144199,12685,3,185,61,485,144,59,21,43,76,0,10,7,2,0
3,2021,240684449,648,1,14,3,81,133,82,52,61,38,0,14,27,9,1
1,2021,583687007,4635,5,50,49,30,93,63,21,52,28,0,9,3,0,0
1,2022,63803529,1184,0,1,5,6,122,77,25,62,34,0,23,3,2,0
1,2021,466214729,4431,0,105,7,199,88,53,55,73,9,0,3,5,4,0
4,2022,236940480,759,3,32,0,12,170,70,61,44,40,0,37,4,8,1
1,2022,41924466,733,0,0,2,2,94,46,55,50,71,0,10,11,8,1
1,2021,225259194,2795,0,45,0,107,170,65,46,47,12,0,13,16,2,0
3,2021,393230256,2780,2,54,21,57,90,79,79,70,57,0,66,8,7,1
1,2021,287201015,1950,0,56,8,104,78,40,7,29,62,0,9,3,10,0
1,2018,599770206,3947,12,33,102,93,94,57,36,58,5,0,15,3,5,0
1,2021,342779426,2551,0,52,15,35,73,83,11,41,0,0,36,14,5,0
2,2021,673801126,5375,10,138,24,133,176,73,79,86,42,0,7,18,4,0
1,2020,1168642797,11975,8,188,75,268,128,81,57,63,40,1,10,4,6,1
3,2019,540539717,2696,0,42,2,57,120,58,44,60,44,9,5,6,11,0
3,2021,383550148,4963,0,63,40,76,82,63,85,62,6,0,35,4,5,0
3,2020,530511203,6734,0,47,14,90,95,77,40,47,2,0,9,3,5,0
1,2022,37307967,715,0,0,1,2,118,44,52,94,11,0,4,29,0,0
1,2021,510876816,3047,9,77,31,85,123,75,93,86,8,0,14,3,3,1
3,2021,1445941661,14140,0,231,52,612,90,63,49,68,38,0,42,18,0,0
2,2020,1763363713,11215,21,189,166,525,110,73,14,57,40,0,11,5,7,1
2,2021,374191487,1678,12,20,4,15,96,66,76,82,47,0,10,32,4,1
1,2022,108809090,2035,0,41,122,394,88,56,58,55,35,0,23,11,5,1
3,2021,436695353,2780,2,86,76,59,98,73,60,85,17,0,24,5,1,1
3,2021,421040617,4091,0,105,2,73,110,72,67,68,0,0,14,4,0,1
1,2020,501541661,2868,0,43,15,116,80,70,57,49,19,0,12,8,0,0
3,2021,354065229,3643,0,69,3,70,110,86,31,53,43,0,11,6,4,1
1,2021,1143647827,4779,6,180,135,223,110,79,70,36,0,0,6,11,11,0
3,2022,311395144,3517,0,54,28,43,78,77,49,42,1,1,13,19,4,1
2,2021,672656250,5073,0,83,9,100,129,83,44,62,2,0,8,6,11,0
1,2021,1256880657,7545,4,117,39,141,181,44,22,60,61,0,42,9,1,0
1,2020,1692897992,8528,5,239,163,583,114,75,74,77,1,0,9,10,9,1
1,2021,245095641,2979,0,44,0,159,144,74,39,65,5,1,11,35,5,0
2,2019,686734357,7731,2,110,145,447,101,66,18,68,9,0,12,4,5,0
2,2021,261414174,1057,0,17,5,21,84,67,78,63,29,0,12,5,5,0
3,2021,610045621,3272,19,101,34,70,154,66,63,69,21,0,11,7,9,0
3,2021,1115880852,14417,0,237,123,569,148,59,72,62,18,0,9,3,8,0
3,2021,594482982,5199,0,45,43,45,146,85,22,37,13,0,7,30,8,1
2,2021,566954746,6026,0,171,51,187,120,77,51,79,20,0,26,6,3,1
1,1970,0,2877,0,16,0,54,110,53,75,69,7,0,17,3,1,0
2,2021,374706940,4640,3,81,93,507,136,77,82,30,95,0,13,5,0,1
3,2021,184937148,1150,0,20,38,12,141,59,56,63,12,0,6,36,4,0
1,2022,31959571,768,0,1,1,3,108,46,23,48,75,30,14,4,1,1
1,2021,167076418,925,0,24,47,74,94,42,47,36,76,0,9,5,0,0
1,2015,824420218,3006,3,23,21,121,180,35,41,94,0,63,5,5,1,0
1,2021,363467642,3098,0,111,5,182,122,77,51,79,5,0,16,5,2,0
1,2015,1127468248,9771,4,42,70,384,85,59,33,52,7,15,12,3,2,0
2,2022,60680939,807,0,3,0,5,148,68,29,73,0,0,7,7,4,0
1,2021,247737946,521,1,17,89,11,120,83,59,73,6,0,5,11,1,0
2,2020,1699402402,12854,0,237,27,636,91,70,76,72,22,0,27,4,10,1
2,2021,154797871,802,0,13,27,8,120,72,54,71,26,0,10,4,7,0
1,2021,198883004,731,0,14,14,24,106,86,86,79,11,0,8,9,0,0
1,2022,124407432,788,0,13,0,32,110,63,31,35,93,0,29,3,2,0
1,2021,850608354,3069,4,25,46,105,169,39,36,45,81,0,8,13,9,0
1,2021,376333030,4651,0,24,6,105,118,80,21,55,1,0,26,17,4,0
1,2021,516784627,4999,0,43,19,73,92,91,79,66,32,0,9,16,11,1
1,2019,1608045237,8327,24,205,130,625,112,45,19,60,63,0,9,6,6,0
1,2020,506778838,3297,3,25,3,52,140,79,56,91,26,0,13,21,5,0
1,2010,1472799873,35684,6,195,125,6280,105,73,52,76,13,0,5,3,11,0
1,2021,513643924,3506,10,103,76,100,178,76,63,77,14,0,15,22,8,0
2,2021,261286503,2999,0,60,17,154,108,96,71,42,57,0,8,9,10,1
1,2021,783706581,3681,0,20,21,99,173,40,19,29,86,0,34,4,1,0
3,2021,422691058,4846,10,54,16,259,101,67,40,90,3,0,34,6,4,0
1,2020,1062345656,14311,0,255,32,582,120,80,24,62,41,2,11,23,11,1
1,2020,1252563873,8207,0,175,55,95,144,73,66,80,44,0,9,12,0,0
1,2021,851070493,4873,0,65,88,434,133,75,96,61,0,0,18,4,4,0
2,2021,263894529,772,0,7,3,89,158,46,62,83,53,0,97,28,11,1
1,2021,345903614,1150,0,20,99,44,120,81,92,90,9,0,8,7,1,0
1,2020,951637566,5398,4,111,127,210,129,61,59,46,56,0,13,5,0,0
2,2016,956865266,7370,0,92,127,1219,102,74,45,89,5,0,26,13,10,0
4,2021,427486004,6890,0,122,11,201,124,79,79,84,2,0,5,5,11,1
1,2016,156658366,1966,0,4,2,50,90,73,31,45,85,24,11,3,7,1
1,2021,624515457,2226,0,29,0,44,161,78,65,52,46,0,12,31,9,1
1,2017,777765388,4204,0,39,45,250,120,60,11,33,90,0,8,5,10,0
1,2021,412795151,1959,0,19,0,38,81,45,12,57,7,0,23,3,0,0
1,2019,1138474110,7191,0,146,18,478,150,78,47,70,18,0,15,9,7,1
2,2021,355219175,2012,0,101,12,38,105,76,58,84,10,0,13,10,11,0
1,2021,290228626,1211,2,30,2,5,79,63,76,67,38,0,6,4,9,0
1,2010,1062956628,7109,2,5,0,862,146,52,7,61,51,0,11,3,4,1
1,2020,1180094974,6638,0,167,19,318,124,64,8,37,79,0,9,5,7,0
1,2014,1456081449,17354,8,92,122,1282,126,53,66,85,2,0,24,4,9,0
1,2021,432702334,6392,0,174,73,344,121,75,53,74,2,0,11,5,11,0
3,2021,489945871,5481,0,144,30,86,136,80,33,60,0,0,32,14,3,1
1,2021,465959382,2636,3,36,82,39,102,77,26,63,58,0,11,5,1,1
3,2021,1223481149,824,0,8,8,8,77,73,54,74,23,0,41,23,10,0
1,2019,2864791672,24529,0,533,167,3595,98,82,54,59,69,0,18,10,9,1
1,2017,2288695111,14749,0,188,34,710,84,44,22,48,38,0,33,24,3,1
2,2021,720825549,8087,0,92,34,131,102,89,77,82,3,0,17,11,11,0
1,2013,2086124197,27221,0,308,118,4534,120,42,33,26,92,0,13,3,11,0
1,1991,1690192927,49991,9,265,121,12367,117,52,73,91,0,0,11,7,4,0
1,2019,991336132,6646,0,107,47,584,72,45,27,33,82,0,14,4,1,1
2,2021,593917618,5403,6,118,116,96,168,67,29,47,5,0,22,26,4,0
2,2021,200972675,755,4,22,3,0,94,52,68,69,13,0,33,8,4,0
1,2022,71014967,254,0,0,4,23,145,41,65,88,0,0,26,5,11,0
2,2021,560222750,6308,5,114,15,63,134,71,14,61,1,0,23,33,4,0
1,2003,1806617704,51979,15,306,99,5063,148,35,24,93,0,0,10,8,4,0
1,2022,77337771,246,0,2,12,10,127,60,40,89,9,0,60,6,7,1
3,2021,528544703,6556,0,93,5,67,172,74,79,66,11,0,8,16,9,1
1,2019,865640097,5728,0,85,87,179,90,75,19,46,21,4,34,8,3,0
2,2018,2159346687,16636,12,368,155,2854,96,57,30,40,38,0,26,3,10,0
1,2022,211372494,461,0,10,56,17,138,74,65,67,46,0,36,4,10,1
2,2021,651732901,4893,4,143,24,110,120,72,67,72,0,0,13,4,10,0
1,2021,608334048,1801,2,77,134,74,125,70,65,74,1,0,34,4,1,0
4,2021,863756573,12043,0,209,54,710,123,82,80,86,1,0,30,13,5,0
1,2021,797402345,4731,0,141,12,78,81,79,44,54,41,0,13,24,9,0
2,2002,1695712020,22923,0,78,46,2515,171,55,10,85,7,0,8,20,4,0
1,2019,1759567999,9974,2,272,67,1066,91,77,60,32,84,0,8,5,3,0
8,2021,223319934,1560,0,72,0,0,84,56,61,76,10,0,14,11,10,1
2,2022,54937991,620,0,17,3,3,115,90,74,54,16,0,13,28,8,1
2,2021,226897599,3270,0,89,21,65,125,69,70,89,4,0,49,3,0,0
2,2021,258316038,580,0,24,92,93,122,80,62,69,28,0,13,7,9,1
2,2021,596152090,3406,16,61,23,70,92,85,92,54,16,0,29,7,5,0
3,2021,177129919,903,0,30,26,15,90,63,75,75,17,0,11,8,9,1
2,2022,716591492,6809,28,151,102,175,94,84,90,70,9,0,14,8,7,1
2,1999,1210599487,33966,0,141,78,6591,93,81,53,78,18,0,6,24,3,0
1,2022,246376690,590,5,4,113,20,130,51,50,76,30,0,10,7,5,1
1,2022,496311364,3766,0,76,0,102,180,35,23,61,23,0,19,6,10,1
2,2022,146789379,1430,0,46,1,34,134,53,31,31,92,0,28,3,0,0
2,1999,843309044,31762,0,142,40,5451,95,92,31,89,3,0,8,25,6,1
1,2022,500340342,4049,0,119,6,85,184,69,91,63,11,0,9,31,9,0
3,2022,107255472,2096,0,34,3,30,147,47,50,80,10,0,32,38,11,1
2,2022,135079152,1175,0,34,1,31,123,52,44,60,40,0,26,3,10,0
1,2012,822239726,29499,11,124,27,587,123,91,49,61,3,0,17,22,2,1
1,2002,1202722675,30427,7,235,106,5221,90,90,79,71,26,0,7,37,9,1
1,2022,343197054,2711,0,105,12,51,160,61,65,64,1,0,12,4,5,1
1,2013,240769997,4310,0,13,0,113,115,60,37,71,8,0,48,4,4,0
2,2019,426204830,5342,0,33,123,7,141,37,17,67,2,0,34,9,6,0
1,2016,421135627,2393,0,22,13,65,160,31,30,88,7,0,8,8,1,0
1,2019,554875730,3444,7,24,85,102,145,57,23,66,4,6,15,4,3,0
1,2019,467727006,5443,0,45,1,80,89,46,43,43,23,8,8,22,0,1
3,2020,327498031,272,4,7,21,2,95,84,49,72,8,0,15,8,8,1
1,2021,185408548,975,0,11,0,10,160,60,47,62,3,0,38,4,5,0
7,2022,245400167,1034,1,19,5,12,174,67,74,75,44,0,7,30,8,1
3,1995,579395142,18773,0,128,17,1663,92,77,76,84,3,0,38,4,10,0
2,1999,675039469,19067,0,78,15,1674,134,93,61,74,9,0,17,8,11,0
2,2021,252871192,3541,2,57,13,50,172,31,4,86,1,0,28,17,3,1
1,2021,231996128,1492,0,44,63,91,80,76,92,62,6,0,8,13,1,0
1,2017,1929770265,33206,1,284,114,1481,150,91,42,60,0,0,9,12,4,1
2,1999,918915401,17115,0,83,63,4180,80,78,53,74,4,0,45,21,9,1
2,2020,1180896317,6955,0,65,45,398,166,81,83,75,14,0,29,34,2,1
1,2017,498960285,2742,0,5,1,62,120,67,8,54,27,0,8,4,11,0
1,2020,685071800,4214,11,21,20,40,92,86,89,79,17,0,11,6,0,0
1,2022,258714692,2026,0,47,3,42,85,74,61,52,30,0,26,9,11,1
2,2022,143139338,352,0,10,0,39,154,79,86,52,66,0,9,7,5,1
2,2021,209768491,1517,0,42,7,15,92,73,37,74,28,0,14,6,5,1
2,2022,64714573,847,0,25,0,14,140,89,75,70,6,0,13,5,3,0
1,2022,50746620,910,0,20,3,24,89,65,60,60,11,0,10,40,4,0
1,2022,154119539,601,0,28,73,64,135,89,89,86,16,0,8,5,8,1
1,2021,181328253,1800,0,43,36,46,140,51,66,53,60,0,11,18,11,1
1,2015,370068639,1930,0,3,0,28,82,47,44,76,8,91,9,3,6,0
1,2014,2280566092,33032,0,363,129,3895,79,78,58,45,47,0,18,3,5,0
1,2019,563902868,6332,0,47,116,266,88,31,31,63,47,27,21,12,8,0
1,2021,317622165,509,9,8,106,6,139,44,18,38,70,0,12,4,8,0
2,2022,291709698,971,2,35,104,93,124,73,68,83,55,0,90,7,0,1
1,2019,203680270,2578,0,8,67,66,80,39,45,55,73,0,9,21,11,1
2,2022,81350745,1064,0,42,1,26,120,84,54,51,47,0,12,40,4,1
1,2019,282883169,3618,0,21,86,138,80,56,19,46,92,72,11,3,7,1
2,2022,64787943,1040,0,8,0,29,117,92,62,86,11,0,24,24,4,0
2,2019,2484812918,15010,2,453,50,1785,117,76,77,52,4,0,8,3,1,1
2,2019,461437791,4708,0,13,7,55,140,62,46,73,10,0,67,11,8,1
1,2019,1439191367,13454,1,246,71,519,99,68,57,77,2,0,10,5,11,0
2,2020,759208783,4890,20,52,42,100,93,74,59,87,3,0,8,5,4,0
1,1991,368646862,9514,0,45,27,1197,106,44,8,20,74,42,11,3,11,0
2,2022,299634472,3501,0,69,2,51,124,81,68,63,17,0,10,22,10,0
2,2022,756907987,6111,4,185,40,492,95,76,96,70,18,0,33,4,11,0
1,2022,682475162,5415,32,46,16,53,96,87,82,53,10,0,5,8,2,1
1,2021,546191065,4673,2,123,113,180,92,81,40,73,15,0,9,8,7,1
1,2022,229473310,1856,3,29,40,31,124,95,36,37,35,0,10,28,10,0
1,2022,202677468,200,2,12,4,0,72,64,76,44,70,9,12,4,9,0
1,2022,121913181,1888,0,26,1,58,71,28,26,20,19,0,30,3,0,1
2,2022,208166039,911,2,45,0,99,135,78,55,57,4,0,10,8,1,1
1,2004,527033089,2954,2,18,82,0,95,81,56,70,4,0,5,24,2,0
2,2022,94616487,461,0,7,11,13,71,59,70,74,56,0,11,40,4,1
1,2021,394030335,2844,2,29,2,35,180,80,71,68,6,0,10,37,2,1
1,2022,193443895,2939,0,42,0,24,150,65,11,58,0,0,12,9,7,1
1,2022,299648208,695,11,16,41,13,189,55,86,44,40,0,7,4,11,0
1,2022,182978249,328,0,10,21,7,85,72,55,64,49,0,7,4,0,0
1,2022,319757142,866,16,27,84,32,140,59,73,45,44,0,34,3,10,0
2,2013,109091573,1550,0,0,0,14,81,77,68,70,6,0,17,20,0,0
2,2022,153240879,1729,0,26,1,19,104,80,24,65,2,0,9,4,5,1
1,2021,346127840,2005,0,16,5,43,129,42,33,44,62,0,8,6,3,0
1,2020,312622938,1188,0,13,1,15,94,76,81,80,20,0,25,4,4,1
1,1975,2197010679,40112,3,321,162,5691,71,41,23,40,27,0,30,5,0,1
1,2018,1200808494,3659,0,11,10,267,146,59,23,46,66,0,15,6,1,1
1,2020,797196073,9833,0,233,82,531,103,69,90,88,5,0,29,8,9,1
1,2013,1970673297,50887,34,315,160,6284,124,53,66,78,0,0,16,5,5,0
1,2021,665765558,3257,0,10,0,70,164,70,71,58,24,0,7,13,2,1
1,2021,263779030,1473,0,2,0,12,138,69,35,57,12,0,10,9,5,0
1,2020,339473453,2226,0,36,2,11,126,67,37,46,13,0,10,39,1,1
2,2017,2204080728,23375,21,336,188,2692,103,61,47,65,3,0,17,4,3,1
2,2016,2591224264,28032,0,315,159,2179,95,75,64,52,41,0,11,3,11,0
1,2022,135444283,290,0,9,66,10,200,39,28,77,4,0,6,29,3,1
2,2011,1457139296,42798,0,217,136,6508,129,86,75,52,54,0,10,4,0,0
2,2019,236872197,2605,0,15,48,50,98,68,33,43,38,0,36,14,9,1
1,2022,694525298,8737,0,163,32,137,107,91,32,56,3,0,11,10,11,0
1,2022,240661097,1105,0,32,0,19,174,58,56,83,5,0,7,4,0,0
1,2022,421365166,2499,21,68,24,43,92,45,27,67,32,0,13,14,11,0
2,2022,349746291,2697,1,55,3,32,90,81,59,83,9,0,11,5,10,0
1,2022,255120451,2092,0,75,11,44,147,60,58,69,2,0,58,4,8,0
1,2022,190981339,1185,0,21,0,31,143,68,41,55,16,0,10,12,4,0
1,2015,924193303,11985,0,79,80,250,101,76,63,71,3,0,10,3,6,1
1,2022,305771063,753,8,28,124,13,118,70,54,71,0,0,33,4,4,1
3,2022,273005485,2995,0,49,17,30,98,83,63,74,14,0,16,6,10,1
1,2022,89566512,225,0,11,0,7,138,72,22,46,24,0,9,6,4,1
1,2015,677389855,9243,0,155,5,577,114,59,30,62,1,0,8,4,8,1
2,2022,75476209,918,0,24,0,52,180,63,45,64,34,0,9,8,10,1
1,2021,408843328,1959,9,52,25,32,145,56,41,57,1,0,13,3,3,0
3,2022,187772591,540,4,26,3,39,115,78,63,64,1,0,7,4,11,1
3,2022,178512385,859,0,14,0,11,82,79,48,84,13,0,21,23,2,0
1,2022,101780047,1116,0,31,9,15,166,70,22,61,2,0,10,34,5,0
3,2022,118381354,273,2,12,2,4,92,86,91,79,29,0,60,16,0,0
1,2022,146363130,686,2,11,6,12,108,71,55,44,74,0,11,6,9,0
1,2022,126443991,226,0,5,0,4,84,71,63,45,45,0,11,3,7,1
1,2022,157990698,1264,0,20,4,52,95,69,90,91,6,0,35,4,6,1
4,2022,176290831,870,0,32,0,49,135,93,77,45,25,0,13,27,6,1
1,2019,1023187129,7556,0,124,24,254,110,57,6,27,84,0,9,3,7,0
2,1996,106933107,1370,0,46,8,60,88,89,59,64,5,0,19,7,10,0
1,2022,139193812,315,2,27,2,31,119,87,28,50,12,0,10,10,4,1
1,2022,212234990,651,0,6,188,20,120,58,71,80,15,0,7,41,4,0
1,2016,1714490998,12382,0,229,57,1370,122,86,97,80,36,0,9,6,5,0
2,2022,197643795,625,0,10,2,13,98,78,83,75,41,0,27,8,8,0
1,2019,807015863,8429,1,85,24,200,140,45,25,84,21,0,13,6,7,1
3,2013,933815613,52898,0,203,1,8215,116,79,87,81,4,0,10,4,9,1
1,2021,499710590,3436,0,32,6,46,124,86,62,49,51,0,35,21,6,0
6,2022,120847157,918,0,34,39,30,105,91,73,72,13,0,9,15,1,1
1,2022,53909146,181,0,16,14,7,118,68,24,58,44,0,6,3,11,0
1,2014,2236667932,18778,3,228,105,2453,108,61,20,38,61,0,10,5,7,0
1,2015,2123309722,22730,5,289,87,2430,100,61,53,38,84,0,28,44,7,0
1,2022,301242089,5542,0,52,16,65,140,81,39,66,38,0,12,14,6,1
1,2022,723894473,9021,0,242,49,272,109,84,72,74,10,0,34,7,2,1
3,2022,237351106,4627,0,38,13,32,101,78,40,74,36,0,17,27,4,1
1,2022,461558540,2229,0,27,44,24,78,56,61,90,36,0,18,31,8,0
1,2022,417230415,1112,6,7,30,13,93,79,22,55,31,0,12,5,0,1
1,2022,156898322,2575,0,4,5,12,87,52,32,83,24,0,17,43,11,0
2,2022,127309180,3107,0,4,0,22,153,55,50,78,19,0,11,35,2,1
1,2022,313113297,1179,0,7,21,11,142,87,93,59,28,0,17,5,0,0
1,2022,173702135,3486,0,20,10,33,96,85,41,43,39,0,12,21,2,1
2,2022,271666301,2942,0,42,28,43,125,50,39,78,4,0,11,33,0,0
1,2022,305650299,1443,0,9,11,22,85,71,43,65,23,0,9,5,2,0
2,2022,123216717,3028,0,22,0,23,140,92,78,57,46,0,14,9,4,1
2,2022,479655659,1796,8,8,25,18,196,66,58,79,23,0,22,20,3,1
1,2022,126191104,2729,0,3,7,13,134,78,51,43,69,0,14,9,10,0
2,2022,344055883,1195,0,8,30,13,103,80,45,62,76,0,10,38,4,1
1,2022,338422004,892,3,10,24,11,130,82,50,67,12,0,13,5,4,0
2,2022,68895644,1635,0,4,1,6,108,65,52,69,31,0,8,36,3,0
3,2022,86176890,2291,0,9,0,8,123,61,66,71,53,0,32,46,11,0
1,2022,403231558,1029,28,5,28,9,152,84,74,69,21,0,18,6,3,0
2,2022,319546754,1681,7,10,30,13,108,78,55,60,59,0,7,4,5,0
1,2022,61739839,1480,0,1,0,5,72,56,56,47,76,0,8,36,2,1
1,2022,283359161,829,0,4,15,10,121,86,67,65,42,0,35,7,9,1
3,2022,76831876,2308,0,7,0,7,138,57,71,82,19,0,15,29,6,1
1,2022,283332261,1004,1,8,12,9,188,50,41,50,69,0,12,6,8,1
2,2022,307752576,1367,0,48,4,34,110,80,26,85,23,0,11,21,4,0
1,2022,279737940,1112,3,7,25,12,105,81,77,79,19,0,47,8,11,0
1,2022,212351890,1209,0,9,7,14,118,63,60,70,5,0,9,31,11,0
2,2019,1304313953,9539,15,162,116,355,176,61,24,62,60,0,24,31,5,0
1,2022,150500965,1992,0,35,0,3,158,83,41,65,0,10,11,8,3,0
1,2022,246127838,897,0,6,20,8,115,85,72,58,9,0,49,12,4,1
1,2016,582863434,2948,0,10,2,150,110,51,48,82,0,0,5,3,3,1
2,2022,58687425,1860,0,1,0,3,174,73,26,54,30,0,34,32,1,0
2,2022,212109195,802,0,16,81,23,130,91,91,96,3,0,3,9,7,0
1,2022,382199619,2224,8,48,40,87,78,36,30,54,34,0,14,5,2,0
1,2022,41210087,1103,0,0,0,0,104,44,74,42,88,0,9,9,10,0
1,2022,231657891,2265,0,93,12,173,121,64,80,88,0,0,12,6,10,0
1,2022,53729194,555,0,10,4,4,105,83,32,82,14,0,12,4,5,0
1,2022,244741137,2050,0,52,9,46,81,38,20,66,9,0,9,8,10,0
1,2022,42485571,1493,0,2,0,10,170,37,14,24,80,0,11,4,4,1
1,2022,37778188,1545,0,1,0,4,78,43,60,38,76,1,48,38,10,0
1,2022,254218729,2350,0,28,42,23,125,88,28,66,6,0,13,31,11,0
1,2022,53603447,1929,0,2,0,4,92,66,29,65,23,0,8,7,7,1
1,2022,160035717,710,4,16,11,18,140,84,61,42,31,0,9,9,3,1
2,2022,164163229,928,0,19,0,7,96,61,32,90,25,0,10,9,0,0
1,2022,37091576,1194,0,0,0,3,118,66,83,43,84,0,19,19,8,1
2,2022,284249832,349,6,10,22,3,92,71,67,60,7,0,6,4,3,1
2,2022,33381454,1890,0,3,0,2,140,49,50,37,87,0,11,35,11,1
2,2022,184622518,1308,2,23,16,9,174,68,45,71,18,0,11,25,4,0
2,2022,300983101,4531,0,135,74,119,127,77,53,78,19,0,29,4,2,0
2,2022,121077868,1657,0,15,3,3,96,71,37,52,62,0,11,36,3,0
2,2022,106919680,1351,0,26,1,17,150,82,82,66,13,0,11,6,11,1
1,2022,136996305,608,0,5,29,14,100,87,46,60,1,0,13,16,9,0
1,2021,65719930,1211,0,31,0,19,105,73,59,81,13,0,9,6,4,1
1,2022,229497852,629,0,18,75,9,104,86,43,62,5,0,13,14,10,0
1,2022,185550869,1301,0,23,1,15,154,54,45,79,1,0,17,5,11,0
1,2022,54682594,1329,0,42,51,32,80,47,33,83,18,0,10,5,3,0
2,2022,240580042,343,2,4,35,11,150,53,14,43,64,0,13,3,6,0
1,1998,1284942608,13101,9,137,5,582,156,32,49,72,0,0,9,4,3,1
1,2022,71423324,2939,0,29,0,30,98,76,79,81,18,0,6,34,11,1
1,2019,244891912,407,1,5,0,5,92,58,27,36,86,0,9,3,10,0
1,2022,132171975,1492,0,26,2,15,144,47,7,50,32,0,7,4,7,0
1,2017,184706613,2264,0,11,6,25,150,37,27,56,8,0,13,3,7,0
1,2021,184826429,801,0,42,9,24,138,70,31,44,84,0,9,39,6,0
1,2022,302006641,829,0,32,110,26,172,56,68,89,4,0,33,19,4,0
1,2022,330881149,736,0,5,132,17,77,72,70,82,2,0,4,17,11,0
1,2022,334733572,4449,1,80,11,66,107,72,36,72,26,6,11,4,3,0
1,2022,366214458,3218,3,29,10,79,114,51,39,29,90,0,10,4,5,0
1,2022,114546317,327,0,5,40,12,117,63,29,51,43,0,25,4,5,0
1,2022,290833204,2775,0,21,11,40,146,69,63,45,48,0,18,4,0,0
1,2022,448500832,4576,0,79,13,93,160,80,74,60,8,0,14,26,11,1
4,2022,136676504,2313,0,34,0,29,120,88,15,56,1,0,8,6,10,0
3,2022,190625045,3983,0,73,45,119,100,82,76,70,16,0,8,5,3,1
1,2022,79095270,279,0,0,18,6,158,60,68,84,4,0,24,11,11,1
1,2022,273194684,2302,0,20,3,39,142,56,40,54,72,0,10,4,6,0
4,2022,333146475,3559,3,36,1,31,170,80,77,85,11,0,17,14,1,1
2,2022,194902696,2129,0,23,1,44,84,71,39,86,2,0,51,25,8,1
1,2022,311482393,3291,5,43,28,79,139,58,30,46,14,0,9,3,0,0
1,1982,195918494,5328,0,54,76,900,151,73,88,67,20,0,32,5,10,0
2,2022,248511839,1401,0,26,16,17,128,82,42,75,6,0,63,6,4,1
1,2022,233671263,1933,0,13,2,31,118,56,20,54,67,0,6,5,10,0
1,2022,199587884,1986,0,7,1,15,183,65,88,72,36,14,20,3,8,0
1,2022,91781263,1057,0,51,14,19,83,63,29,62,4,0,18,4,6,1
2,2022,383835984,5115,13,109,38,301,122,85,42,80,6,0,17,14,4,0
1,2022,236060709,2094,1,8,1,18,165,72,90,48,32,0,18,23,1,0
1,2022,189236868,2171,0,18,1,28,106,83,90,64,35,5,9,4,1,1
2,2022,160845341,896,0,19,0,15,77,81,68,58,83,0,11,34,3,0
1,2014,588955257,5148,0,90,22,365,91,57,30,89,10,0,33,8,11,0
1,2022,238350348,2528,0,63,8,270,148,51,21,63,5,0,41,3,10,0
1,2022,187703102,1900,1,15,1,23,114,71,90,81,31,2,13,3,7,1
2,2022,295307001,3879,2,107,76,86,120,91,63,77,12,1,10,5,0,1
2,2022,138334433,896,0,0,0,2,92,83,56,82,10,0,9,5,9,0
1,2016,445590495,8775,0,33,60,107,118,56,25,45,1,3,7,3,8,0
3,2022,286739476,5290,0,139,73,142,123,60,46,71,3,0,16,4,7,1
1,2018,1122364376,10211,0,38,79,65,89,52,28,48,54,1,19,3,6,0
1,2022,157136970,584,8,12,1,8,110,81,61,93,49,0,12,11,8,1
1,2022,137070925,1517,0,26,2,30,118,42,32,20,94,0,11,4,0,0
1,2021,183273246,246,4,4,106,0,90,68,54,76,21,0,11,20,3,1
1,2022,184807630,220,4,16,5,0,130,49,14,40,82,0,11,3,0,0
1,2022,164856284,514,0,5,36,1,154,70,97,62,47,0,10,4,9,1
1,1986,704171068,6080,0,112,198,406,105,54,59,83,0,44,20,4,7,1
1,2022,354614964,9724,0,222,61,259,115,70,87,88,4,0,26,8,4,1
5,2022,279717388,2341,0,37,2,38,110,91,59,82,8,0,6,8,4,0
1,2022,195628667,5263,0,66,89,61,125,51,5,68,12,2,15,6,7,1
1,2022,221752937,2402,0,45,2,26,102,73,62,75,0,0,34,8,4,0
1,2022,263280370,795,11,26,18,15,120,81,72,65,4,0,14,4,11,1
1,2022,213505179,571,0,19,21,14,97,80,36,86,4,0,3,5,5,0
2,2022,130419412,832,3,18,124,24,140,44,41,92,0,0,44,7,8,1
1,2022,155795783,565,0,6,52,11,97,78,31,72,1,0,11,4,5,0
1,1987,1553497987,41231,1,228,151,6720,125,45,67,90,9,11,10,5,9,0
1,2022,293466523,4526,12,156,275,150,88,80,55,56,13,0,8,9,6,1
1,2022,711366595,1818,0,3,0,63,170,56,52,64,11,0,45,7,0,0
1,2022,191448892,2814,0,38,105,25,137,88,8,49,9,0,9,14,2,1
3,2022,85924992,1601,0,11,0,2,157,88,52,69,0,0,8,23,1,0
3,2022,176103902,894,4,28,0,54,130,95,83,57,54,0,10,25,9,0
3,2022,121189256,945,0,49,3,57,90,85,80,83,10,0,8,11,4,0
1,2022,131746175,767,0,25,0,22,183,44,44,67,7,0,12,13,11,1
1,2022,244790012,5898,5,129,55,128,128,58,68,91,2,0,27,11,4,0
3,2022,129314708,685,2,17,0,24,130,71,78,40,46,0,7,45,6,1
1,2022,331511413,1452,35,16,15,20,126,63,56,43,24,0,12,23,4,0
3,2022,219196651,1456,0,53,2,33,120,77,94,87,2,0,23,12,0,0
3,2022,170732845,2107,0,51,1,50,130,72,18,46,7,0,28,8,7,1
1,2020,273914335,1494,2,17,12,15,122,70,46,76,30,0,9,45,0,0
1,2022,179061440,1379,4,23,10,18,172,74,46,58,15,0,13,8,11,1
1,2022,185236961,625,4,13,18,12,103,61,38,62,14,0,23,40,11,0
1,2022,171788484,2688,0,39,47,36,122,55,46,64,0,0,17,10,2,1
1,2019,387080183,2668,2,38,266,78,130,47,56,90,0,0,10,4,3,0
1,2022,264717480,799,12,14,141,9,105,81,70,65,24,0,8,4,2,1
1,2022,244928911,1189,6,17,10,16,120,90,73,51,39,0,9,6,8,0
1,2022,97610446,367,0,28,67,195,145,56,43,53,24,0,12,4,10,0
2,2022,287278853,527,4,10,43,3,99,79,64,59,28,0,11,14,10,1
1,2008,887906111,17504,34,63,39,1315,88,79,66,65,5,0,25,14,2,1
4,2022,123473120,3113,0,54,6,124,126,81,90,73,28,0,29,4,1,0
2,2022,295152154,685,5,15,79,4,136,77,71,75,33,1,13,4,0,0
2,2022,323455692,782,9,15,33,6,113,70,97,59,55,0,27,12,11,0
3,2022,240918092,2442,0,81,4,248,132,82,49,88,20,0,21,3,3,0
3,2022,191873381,1112,4,22,2,65,135,77,74,74,47,0,34,8,11,0
2,2017,284216603,4967,0,165,10,177,126,67,49,77,11,0,19,11,0,0
1,2022,239411309,2520,4,93,95,84,102,67,72,74,30,0,36,4,4,1
1,2022,265548837,767,12,20,129,11,125,68,80,92,10,0,9,12,0,0
1,2013,703301727,19806,7,33,11,274,149,37,28,66,14,0,9,5,4,0
2,2022,244585109,5153,6,102,53,113,137,74,71,89,24,61,15,5,0,0
1,2022,189476119,615,0,14,77,15,120,77,78,91,14,0,33,12,6,1
1,2022,277132266,2537,0,49,1,67,100,90,75,50,11,0,9,26,4,0
1,2022,278920007,1647,30,20,49,23,164,70,58,57,25,0,15,7,11,1
1,2022,222410722,2019,8,117,72,107,93,65,79,66,31,0,22,7,2,1
1,2022,185392587,1473,12,25,36,25,180,65,52,80,5,0,6,25,4,1
1,2022,202452860,1613,0,21,15,13,79,34,22,31,43,63,10,7,4,0
1,2002,1608164312,30992,6,124,25,7827,146,56,21,44,73,0,11,2,8,0
1,2000,624101957,10826,4,24,0,805,103,37,17,27,75,5,10,3,4,0
1,2022,148461629,920,0,10,1,8,140,70,26,76,8,0,54,23,7,1
2,2022,47093942,308,0,6,1,6,92,81,48,70,13,0,15,7,2,0
1,2016,380319238,2468,0,15,0,0,102,64,4,60,11,0,19,4,4,1
2,2022,209106362,1097,2,18,10,13,118,82,75,85,33,1,11,4,3,1
1,2022,53987404,330,0,3,0,2,93,78,75,62,6,0,15,6,5,0
1,2022,115331792,1584,0,38,0,24,150,70,26,56,14,83,11,5,8,1
1,2022,225093344,1585,5,78,65,328,130,52,24,60,0,0,8,3,5,0
2,2022,84697729,766,0,16,0,9,83,65,24,53,6,0,51,4,6,1
4,2022,159240673,836,0,14,1,13,102,84,43,75,5,0,6,8,1,0
1,2022,170709584,430,6,14,116,9,136,73,65,91,4,0,48,18,7,1
1,1982,154356956,2020,0,77,10,119,145,66,24,58,17,0,19,5,1,0
1,2018,723043854,6858,0,31,21,15,130,57,24,37,11,18,16,3,10,0
1,2022,247689123,3682,6,41,0,158,156,72,92,77,9,0,8,11,10,0
1,2022,176474912,1639,0,86,14,80,123,57,50,85,5,0,16,4,5,0
1,2022,235549288,452,10,2,129,13,132,92,53,62,7,0,63,10,10,0
2,2020,140430339,668,1,0,0,31,125,49,13,74,0,0,9,4,6,1
1,2022,85559365,991,0,36,38,13,162,74,22,67,0,0,11,46,8,1
3,2022,146223492,869,7,14,12,12,138,80,82,81,14,0,13,36,2,0
3,2022,187701588,648,4,0,0,30,161,59,62,60,12,0,5,44,2,1
2,2022,154863153,1545,0,22,7,15,131,91,23,55,1,0,7,32,11,1
3,2022,191333656,1930,0,24,8,17,122,75,45,63,6,0,35,12,7,1
1,2022,253650850,1948,0,12,9,16,80,80,16,28,17,0,12,39,7,1
1,2022,223064273,1608,0,10,3,12,109,75,11,50,20,0,30,17,10,0
2,2022,170413877,1338,0,9,20,7,158,84,33,36,2,0,39,59,1,0
1,2022,218320587,1936,0,7,5,13,126,66,12,35,55,0,9,14,7,0
2,2022,141720999,1794,0,26,9,17,104,73,25,61,1,0,32,7,4,0
1,2022,187339835,1597,0,6,3,15,110,48,15,31,80,22,12,4,0,0
2,2022,198365537,1652,2,26,52,10,130,77,20,70,1,0,16,5,10,0
1,2022,186104310,1747,0,9,6,13,177,34,39,16,97,0,12,5,0,0
1,2022,177503916,1715,0,4,5,8,158,48,55,84,43,0,15,12,10,0
2,2022,71095708,486,0,8,1,7,114,62,25,44,51,33,14,3,5,1
2,2022,112436403,1007,0,6,5,3,144,93,62,61,0,0,12,20,8,0
1,2022,203436468,481,9,10,100,15,125,54,22,76,0,0,14,3,8,0
1,2022,93367537,1045,0,8,5,2,142,85,40,43,4,0,39,32,8,1
2,2022,106249219,1060,0,3,8,5,120,64,11,53,1,0,25,27,5,0
1,2022,181382590,1274,0,1,6,11,96,57,55,74,22,0,8,4,8,0
1,2022,91473363,953,0,61,13,37,144,60,24,39,57,0,8,3,1,0
1,2022,121871870,1180,0,4,0,8,166,42,7,24,83,1,12,6,9,0
2,2022,73513683,573,0,2,0,7,92,80,81,67,4,0,8,6,4,0
3,2022,133895612,1320,0,29,26,17,97,82,67,77,8,0,12,5,4,0
1,2022,96007391,782,2,27,18,32,90,61,32,67,15,0,11,5,7,1
